{"cameraMode":{"drawMode":0,"name":"Shaded","section":"Shading Mode"},"sceneLighting":true,"audioPlay":false,"sceneViewState":{"showFog":true,"showMaterialUpdate":false,"showSkybox":true,"showFlares":true,"showImageEffects":true,"showParticleSystems":true},"in2DMode":false,"pivot":{"x":31.508068084716798,"y":10.724578857421875,"z":-16.62607765197754},"rotation":{"x":0.0007095332257449627,"y":0.9936239123344421,"z":-0.1125691682100296,"w":0.006260555237531662},"size":69.36122131347656,"orthographic":false}